{
    "zh_hans":{
        "save_image":"保存图片",
        "access_file_permission":"访问文件请求",
        "save_image_hint":"开启后才能保存图片",
        "dialog_title":"提示",
        "dialog_content":"匹配成功，进入游戏",
        "dialog_confirm":"确认",
        "dialog_cancel":"取消",
        "cancel_bind":"取消绑定",
        "save_success":"保存成功",
        "save_fail":"保存失败",
        "login_cancel":"取消登录",
        "access_album_permission":"访问相册请求",
        "upload_hit":"开启后才能上传图片视频",
        "to_open":"去开启",
        "need_camera_permission":"开启相机权限",
        "camera_hint":"需要开启相机权限，是否开启？",
        "load_fail_hint":"数据加载失败，点击重试"
    },
    "en":{
        "save_image":"Save Image",
        "access_file_permission":"Access to Files",
        "save_image_hint":"Allow access to save images.",
        "dialog_title":"Tips",
        "dialog_content":"Entering game.",
        "dialog_confirm":"Confirm",
        "dialog_cancel":"Cancel",
        "cancel_bind":"Cancel Linking",
        "save_success":"Saved",
        "save_fail":"Saving Failed",
        "login_cancel":"Cancel Login",
        "access_album_permission":"Access to Album",
        "upload_hit":"Allow access to save images.",
        "to_open":"Go to Allow",
        "need_camera_permission":"Access to Camera",
        "camera_hint":"Allow access to the camera?",
        "load_fail_hint":"Loading failed. Try again."
    }
}
