{
    "zh_hans":{
        "add_friend_content_head_not_follow":"关注或拉黑该用户，TapTap内以及其他使用Tap好友关系的游戏会 同步生效。",
        "add_friend_content_head_followed":"取关或拉黑该用户，TapTap内以及其他使用Tap好友关系的游戏会 同步生效。",
        "add_friend_content_head_remove_black":"将该用户移出黑名单后，TapTap内以及其他使用Tap好友关系的游戏会 同步生效。",
        "add_friend_content_foot":"同步生效",
        "add_friend_action_follow":"立即关注",
        "add_friend_action_followed":"已关注",
        "add_friend_action_unblock":"移出黑名单",
        "add_friend_action_block":"移入黑名单",
        "add_friend_toast_followed":"已关注%s",
        "add_friend_toast_unfollowed":"已取消关注%s",
        "add_friend_toast_blocked":"已将%s加入黑名单",
        "add_friend_toast_unblocked":"已将%s移出黑名单",
        "add_friend_toast_user_not_found":"该用户不存在",
        "add_friend_toast_action_failed":"操作失败"
    },
    "en":{
        "add_friend_content_head_not_follow":"When you follow or block this user, this will be a synchronised action applied to TapTap and other games that use Tap Friends List.",
        "add_friend_content_head_followed":"When you unfollow or block this user, this will be a synchronised action applied to TapTap and other games that use Tap Friends List.",
        "add_friend_content_head_remove_black":"When you remove this user from the blacklist, this will be a synchronised action applied to TapTap and other games that use Tap Friends List.",
        "add_friend_content_foot":"synchronised action",
        "add_friend_action_follow":"Follow",
        "add_friend_action_followed":"Following",
        "add_friend_action_unblock":"Remove from Blacklist",
        "add_friend_action_block":"Add to Blacklist",
        "add_friend_toast_followed":"You are following %s",
        "add_friend_toast_unfollowed":"You are no longer following %s",
        "add_friend_toast_blocked":"You have blocked %s",
        "add_friend_toast_unblocked":"You have unblocked %s",
        "add_friend_toast_user_not_found":"User Not Found",
        "add_friend_toast_action_failed":"Failed"
    },
    "zh_hant":{
        "add_friend_content_head_not_follow":"追蹤或封鎖該用戶，TapTap內以及其他使用Tap好友關係的遊戲會 同步生效。",
        "add_friend_content_head_followed":"取關或拉黑該用戶，TapTap內以及其他使用Tap好友關係的遊戲會 同步生效。",
        "add_friend_content_head_remove_black":"將該用戶移除黑名單後，TapTap內以及其他使用Tap好友關係的遊戲會 同步生效。",
        "add_friend_content_foot":"同步生效",
        "add_friend_action_follow":"立即追蹤",
        "add_friend_action_followed":"已追蹤",
        "add_friend_action_unblock":"移除黑名單",
        "add_friend_action_block":"移入黑名單",
        "add_friend_toast_followed":"已追蹤%s",
        "add_friend_toast_unfollowed":"已取消追蹤%s",
        "add_friend_toast_blocked":"已將%s加入黑名單",
        "add_friend_toast_unblocked":"已將%s移除黑名單",
        "add_friend_toast_user_not_found":"找不到該用戶",
        "add_friend_toast_action_failed":"操作失敗"
    },
    "ja":{
        "add_friend_content_head_not_follow":"このユーザーをフォローまたはブロックすると、TapTapおよびTap 友達リストを使用する他のゲームにも適用されることになります.",
        "add_friend_content_head_followed":"このユーザーをフォロー解除またはブロックすると、TapTapおよびTap 友達リストを使用する他のゲームにも適用されることになります.",
        "add_friend_content_head_remove_black":"このユーザーをフォロー解除またはブロックすると、TapTapおよびTap 友達リストを使用する他のゲームにも適用されることになります.",
        "add_friend_content_foot":"にも適用される",
        "add_friend_action_follow":"フォロー",
        "add_friend_action_followed":"フォロー中",
        "add_friend_action_unblock":"ブラックリストから削除",
        "add_friend_action_block":"ブラックリストに追加",
        "add_friend_toast_followed":"%sをフォロー中",
        "add_friend_toast_unfollowed":"%sのフォローを解除しました",
        "add_friend_toast_blocked":"%sをブロックしました",
        "add_friend_toast_unblocked":"%sのブロックを解除しました",
        "add_friend_toast_user_not_found":"ユーザーが見つかりません",
        "add_friend_toast_action_failed":"操作に失敗しました"
    },
    "ko":{
        "add_friend_content_head_not_follow":"팔로우와 블랙 리스트 기능은 TapTap 내 Tap 친구 기능에 적용 됩니다",
        "add_friend_content_head_followed":"연관 및 블랙 리스트 유저 기능은 TapTap 내 Tap 친구 기능과 함께 적용 됩니다",
        "add_friend_content_head_remove_black":"블랙 리스트 제거 후 TapTap 내 Tap 친구 기능과 함께 적용 됩니다",
        "add_friend_content_foot":"적용",
        "add_friend_action_follow":"팔로우",
        "add_friend_action_followed":"팔로워",
        "add_friend_action_unblock":"블랙 리스트 제거",
        "add_friend_action_block":"블랙 리스트 추가",
        "add_friend_toast_followed":"%s팔로잉",
        "add_friend_toast_unfollowed":"%s팔로잉 취소",
        "add_friend_toast_blocked":"이미%s블랙리스트에 추가 하였습니다",
        "add_friend_toast_unblocked":"이미%s블랙리스트에 취소 하였습니다",
        "add_friend_toast_user_not_found":"유저 없음",
        "add_friend_toast_action_failed":"실패"
    },
    "th":{
        "add_friend_content_head_not_follow":"เมื่อคุณติดตามหรือบล็อกผู้ใช้รายนี้ ระบบจะซิงค์กับบัญชีเกมและรายชื่อเพื่อนบน TapTap ของคุณ",
        "add_friend_content_head_followed":"เมื่อคุณยกเลิกการติดตามหรือบล็อกผู้ใช้รายนี้ ระบบจะซิงค์กับบัญชีเกมและรายชื่อเพื่อนบน TapTap ของคุณ",
        "add_friend_content_head_remove_black":"เมื่อคุณลบผู้ใช้รายนี้ออกจากแบล็คลิสต์ ระบบจะซิงค์กับบัญชีเกมและรายชื่อเพื่อนบน TapTap ของคุณ",
        "add_friend_content_foot":"ซิงค์",
        "add_friend_action_follow":"ติดตาม",
        "add_friend_action_followed":"ยกเลิกการติดตาม",
        "add_friend_action_unblock":"ลบออกจากแบล็คลิสต์",
        "add_friend_action_block":"เพิ่มไปยังแบล็คลิสต์",
        "add_friend_toast_followed":"คุณกำลังติดตาม %s",
        "add_friend_toast_unfollowed":"คุณยกเลิกการติดตาม %s",
        "add_friend_toast_blocked":"คุณบล็อก %s",
        "add_friend_toast_unblocked":"คุณยกเลิกการบล็อก %s",
        "add_friend_toast_user_not_found":"ไม่พบผู้ใช้งาน",
        "add_friend_toast_action_failed":"ล้มเหลว"
    },
    "id":{
        "add_friend_content_head_not_follow":"Ketika kamu memfollow atau memblock user ini dari blacklist, akan ada aksi sinkron yang diterapkan ke TapTap dan game lainnya yang memakai Friend List Tap",
        "add_friend_content_head_followed":"Ketika kamu berhenti follow atau memblock user ini dari blacklist, akan ada aksi sinkron yang diterapkan ke TapTap dan game lainnya yang memakai Friend List Tap",
        "add_friend_content_head_remove_black":"Ketika kamu menghapus user ini dari blacklist, akan ada aksi sinkron yang diterapkan ke TapTap dan game lainnya yang memakai Friend List Tap",
        "add_friend_content_foot":"aksi sinkron",
        "add_friend_action_follow":"Follow",
        "add_friend_action_followed":"Following",
        "add_friend_action_unblock":"Hapus dari Blacklist",
        "add_friend_action_block":"Tambahkan ke Blacklist",
        "add_friend_toast_followed":"Kamu memfollow %s",
        "add_friend_toast_unfollowed":"Kamu tidak lagi memfollow %s",
        "add_friend_toast_blocked":"Kamu memblock %s",
        "add_friend_toast_unblocked":"Kamu telah mengunblock %s",
        "add_friend_toast_user_not_found":"User tidak ditemukan",
        "add_friend_toast_action_failed":"Gagal"
    }
}
